vin_contract_id,vin_number,contract_code
1,WAU3FAFR3BA243979,j2jNjYMa1L
2,WBAUP7C54DV090272,w1bCgvaM6V
3,WP1AA2APXAL129027,Uh6YbSoIGB
4,NM0KS9BN3AT821557,iw6YU9piUl
5,1G6DJ5EY2B0080675,H2v1lpzCS9
6,WDDGF5EB4AR999763,LXTMtbbbyC
7,2HNYB1H22AH903010,nLRPhRLyFf
8,WAU2GBFCXDN399412,y7XsICvb5v
9,1G6KH5EYXAU702563,PlzZRRowRO
10,1G6DP8EV3A0536896,URUhu4tGSo
11,2HNYD18441H738007,PnmUYOIQB3
12,WAUSH98E97A135985,vO89QosNdd
13,1C3BC1FB2BN362744,E0P4exMNBv
14,19UUB2F32FA826829,Tql69yGcSI
15,WAUKF78E57A881893,nWlzc5iUCZ
16,WAUVFAFH9AN076499,ggzWAQvIzv
17,19UUA662X6A471362,5LvnG4dg79
18,1G6DD1E3XE0414900,dkYeqZE9Xb
19,WBADX7C50DJ865450,5HQxVkXB5s
20,1FMJU1G56AE241526,S84CcUnz6V
21,1GYUKCEF0AR029581,dv9QYRr2aU
22,3D4PH5FV1AT405489,mlcXgJVR1w
23,4USDU53427L841452,rFjtMoLPYJ
24,JTDKN3DU6B0937950,ttFqSsMLs6
25,WBAUL73529V046919,V4g3sUwN5M
26,WBAXG5C51DD702094,3PFGKV9BiM
27,SALAK2V65FA207759,XVtair9LYu
28,1G6DD67V780217019,KkuxNuyJ4Y
29,WBAEJ13442A272410,FhQmxL9n5P
30,1FTSW2B52AE692565,HPA9MDMpk4
31,1G4HF57908U093475,O6pFuP9ghP
32,3C63D3FL7CG957768,TyoSdhyyn8
33,WBA6A0C54FD222666,rJf1hxgYr4
34,WAUSF98K99A132955,J7F3BOO81U
35,JTDKDTB30D1020125,iThWEsYAfE
36,WAULT58E15A502872,AL7SoJnmpp
37,JTHDU1EF5D5595069,7ZmwSPq5Cc
38,WA1VMBFE7AD573197,hFF98750x5
39,WBAEV33452P929244,vs22kn466q
40,WAUFFBFL5CN014535,j7Z9SFS6Ez
41,JTHBB1BA8C2070898,IzOt9spLbq
42,SCFFDAAE9CG285857,z9DXRE4k82
43,2G4GT5GV1D9574747,5WRM3unT8o
44,WA1KK78R49A067815,BcVBapUq8e
45,1G4HA5EM7BU693990,akTf5ECqOl
46,JN1CV6FEXDM462460,ichthcvG45
47,WAUHF78P48A367952,Zh0STM6QC9
48,1GYEE637960070957,0R3Gusw20O
49,3D7LP2ET1BG891296,MrPMDgVS2u
50,1G6DP577860835482,0MTmCoI2PQ
51,1G6KE54Y42U387707,FvLaQ4yroA
52,WBA3N5C50FK719729,qRrUmynLJ4
53,JN8AZ2KR3ET279889,J9iZpVObil
54,3N1CN7AP3EL240322,LJLSuCITFa
55,1FMJU2A50AE345234,oBfHYojZHs
56,1G6ET129X1B936733,P8p9ECRnMt
57,WAUDL54F75N197955,R2A8503ueu
58,WAURFAFR0AA460009,djSyUxqvIF
59,WAUPL68E55A464912,RQA0QtajML
60,1N6AD0CWXEN085591,8oIn7s3OeS
61,KMHFG4JGXCA391290,38pu9dJQdP
62,3C4PDCGB2FT004106,lIcljct2n6
63,4T3BA3BB6CU197312,dxeBq981cP
64,4T1BD1FK8EU922569,BXQ3LThyqq
65,WBADT534X2C621202,xmTWny4JLe
66,KNDPB3AC3E7968322,MVRWCJUHyB
67,WAUBNAFB5AN113081,47KpWUyuCx
68,3G5DB03E64S009312,IKnBEdqIk1
69,WDDPK4HA1CF245118,Xes7z3qUOw
70,1GYS4JEFXBR133275,PO5yQkSkJJ
71,WAUDG98E36A115919,GNFcfLnhj6
72,WAUFEAFM1BA096727,BXCaoavhSN
73,5NPDH4AE3DH093892,R6ZGQu4aKr
74,1FBNE3BL9BD257171,FjxaVyman6
75,WAUVC58E83A322620,6tYB1PfXFa
76,1N6AA0CC8AN880745,6A6lvEv8Lj
77,1G6DK1E35D0452538,iggr76RtMn
78,1GYFK23229R442648,0M82fknx2k
79,2G4GP5EX3E9429106,53NAx5cm0D
80,2C3CDXCT4DH263372,wV0CkHq9cQ
81,WA1CMAFE8AD689347,qSFcqh8Hce
82,5J8TB2H51CA335951,O9ZDRBImF1
83,19UUA76657A941694,tQ84repAkZ
84,5J6TF1H35CL398030,MS477mLpqt
85,KNAFT4A28B5117563,j6qgh6k30e
86,5N1BA0NE2FN354085,gM5L1Bjx7k
87,1G6KD57YX6U221101,IT5jJifwM3
88,1C6RD7FP1CS965393,P6KABw02Ce
89,5FNRL5H2XBB608145,tOV11vhlFK
90,1C3CCBAG7EN826242,pibfRQLUGs
91,JH4CU4F61CC363770,2zfTLsXj2b
92,WAUKFAFL2DA977152,7SPSnirUeZ
93,WBADT33481G273086,mHyjJkRMvk
94,SALGS2TF0FA613817,Somy1hIYvv
95,3N1AB7APXFY918813,8jZlNFp0cA
96,5BZAF0AA8FN478981,DHkZThoGUV
97,WAUKD98P99A842942,TAfFdpd5GL
98,WAUVT58E54A706565,2BAG75bKFs
99,YV1672MK5B2109021,DyxKGAGHuD
100,1D7RV1CT1AS606052,X1wO8tyvWe
101,KL4CJASB7FB500971,APVgtsKSKj
102,1G6KD5E67BU294261,KtJnUWylt3
103,1G6DC8EG0A0432055,7DsP1zSBkG
104,1G6AB5S36F0503837,BLXlhLX0wn
105,1G6DJ8E39D0230516,VqbMd6ADaD
106,1HGCR2E79FA756872,0Mpz7dAGtu
107,1G6DM1E30C0878209,ohQI7PoycM
108,5NPEB4AC5CH008960,z3myInXTt8
109,1G6KD57939U011131,HaPrNdMy9Z
110,3MZBM1L74EM594010,KP2YRKXUht
111,JM1GJ1T69E1332831,zuvv6jTd2Y
112,JHMZF1C4XCS041575,nMlQzFNMB4
113,5GNRNHEE4A8318184,dueenMewdM
114,1G6AD5SX7D0293016,Wr35gcjNhx
115,1G6DM8ED3B0759960,TV5S33VoOO
116,4T3BA3BB1DU072297,ws1BujH2nQ
117,3TMJU4GN2AM522080,QTh11FUeXy
118,4T1BD1FK7DU166151,sRsBoXQgLR
119,KNDJT2A14A7287639,8V25gFHGit
120,WP0AB2A91FS585904,fNOV8B7oVB
121,1GD21XEGXFZ664715,jbzIMdO0tf
122,JTJHY7AX4E4048114,rrz6RcK9yU
123,1FT7W2A6XEE150345,gJ0xaqq6sI
124,WBALX3C52CC085411,JntKIFiYq0
125,WBSWD93518P954262,omu19Wz3aO
126,3VW507AT1FM946554,G3NfkPAkX8
127,WA1BY74L78D788269,LhvBHhxXVN
128,19UUA9F76EA132044,A3RMGXBhYb
129,WAUMF98P06A674705,fY02yWOvTl
130,WAUMF98K29A105895,MyUvUMWX4R
131,JTHBK1EG2A2164210,xVVdQ7uRho
132,5UXZV4C52D0517215,ULLNFLggUM
133,1FMJK1JT9FE271673,MNIvaQpZM7
134,1G6DF577590232951,gCb08fsjxs
135,1C4PJLAB2FW382101,MQpTJ3LHLB
136,4T1BD1FK4FU028652,QFLETWXph9
137,19UYA42542A773021,XduPmKxdnH
138,5FNYF3H26EB726804,cjxOMFxLmj
139,WAULK98K69N166506,dGUccFxlZV
140,WA1MYAFE7AD285545,rRRhHzYCm8
141,1FMJK1J5XAE463176,QThwgOdrgX
142,JN1BY1AP4FM114882,Wqg4K3VCDh
143,WBANA53534B248547,tZ9nqZNhWO
144,JH4DC53885S469760,u1ozwZtCJ0
145,1VWAP7A31EC884356,NBKjZUBE0w
146,TRURD38J291219260,joAXN4RWlS
147,JN1CV6AP8CM222430,s6EYSnI8Yw
148,WBAVB13526K901717,8tVUGNl26S
149,WAUHE98P79A055284,6DbnxWyz4y
150,5XYZG3AB4BG777900,e4o9nfr0Tm
151,JH4DC538X3S937968,NOlritHzOG
152,5UXFB33572L907356,EHTc8sr5p1
153,WAUAH94F87N312545,XCi3nTIvmu
154,JHMFA3F22BS945250,3mIQo3ILHD
155,WA1DKAFP2CA488172,YPXk3HewBi
156,1G6DP5ED1B0539920,xVrfAr0zi1
157,WDDEJ7GB1DA609901,QOYBw6aHsP
158,3C63DPAL6CG701703,iKOynVt3Tr
159,1GYS3GEF6CR952646,LZexu77gld
160,WAUKG98E36A343703,4iLCKoblk5
161,KNAGM4AD1D5684218,KkUMIlz9NF
162,3C6JD6EP4CG770727,yBbeYWsy78
163,1G6DE8E50D0275463,uA5lYAZb1C
164,3VW4T7AT7EM480355,BvMaqZ0FMb
165,2C4RDGAG3CR244171,fNgyPc4Stf
166,3D7JV1EP1AG493949,Mc0PjQJU0k
167,5N1BA0ND5FN903575,mWflunXAM6
168,1G6DL5EG3A0605307,5VxciCLoWP
169,SCFFDCCD0AG593352,unXz6Jvude
170,2C3CDXBG2FH517359,FnkTVv9kd8
171,5TDBK3EH4DS961030,e98YD0vO4g
172,JTHBL5EF3A5728537,8UFUrNO120
173,1GKS1EEF3CR218776,DB0s65yHMt
174,WAUZL64B41N597216,HpUveNhKjt
175,WAUVFAFR9AA596234,2I0qSBHGxS
176,1G6DG5EY9B0692841,TbZJpzWjGN
177,5NPEB4AC8CH287899,w8dmNJJDgC
178,SCFFDABE0BG680233,YM7VwUlR5P
179,JN8AF5MR7BT332208,jst0AyDtY5
180,WBAVB13546P533561,ofp4wImo15
181,1G6AB5SX6D0081732,6gpJevvKN1
182,WAU3FAFRXCA226632,nUx05wNyaM
183,WUAW2AFC8EN157820,RF0I8RS94D
184,WAUHFAFL8EA051415,XJwwpGlOpn
185,NM0GE9E75F1311451,rr4LiiPfU6
186,19XFB2F29CE145543,b1k305p9Xw
187,5J6TF1H36CL986003,ALV3CaCZi2
188,3C3CFFCRXET557344,y0YrpC6XW5
189,JHMGE8G20AC898670,CvhqQLHvWg
190,WVGAV7AX3FW118054,KdiglRVQ1X
191,WAUHFAFL1BA222422,MqmymcfWkG
192,1GYS4MKJ5FR129117,ThVBXF68n4
193,JN1AY1AP7DM009861,6OVGc7NjU7
194,1G6AK5S35D0556090,9mwKh6qnUG
195,KNAFX5A86F5738353,dbkcxoCJEi
196,1G6AF5S34E0036792,SlRxHIihx5
197,2G4GU5GC3B9730943,5QMDFmlqVN
198,WAUDL94F75N380781,wbFkMEJayE
199,1GYS4GEF7DR003329,cBqzTkRR2o
200,19UUA65506A422764,CvQ8pk9adT
